X,Y,Name,Description
-77.5954550550518,17.9111209246663,Essex_valley,
-77.2864680086313,17.9238033961598,Parnassus,
-77.0396436306651,17.9455035874256,Amity_hall,
